normal_id,country_id,country_id_NAME_TEMP,month,period,period_NAME_TEMP,day_from,day_to,temp_min_c,temp_max_c,weather_condition_ids
NP0001,JP,일본,1,1,상순,1,10,0,9,sunny;windy
NP0002,JP,일본,1,2,중순,11,20,0,9,sunny;windy
NP0003,JP,일본,1,3,하순,21,31,0,9,sunny;windy
NP0004,JP,일본,2,1,상순,1,10,0,9,sunny;windy
NP0005,JP,일본,2,2,중순,11,20,1,12,sunny;windy
NP0006,JP,일본,2,3,하순,21,29,2,11,sunny;windy
NP0007,JP,일본,3,1,상순,1,10,4,13,sunny;windy;rain
NP0008,JP,일본,3,2,중순,11,20,4,15,sunny;windy
NP0009,JP,일본,3,3,하순,21,31,6,15,sunny;windy;rain
NP0010,JP,일본,4,1,상순,1,10,8,17,sunny;windy;rain
NP0011,JP,일본,4,2,중순,11,20,9,19,sunny;windy;rain
NP0012,JP,일본,4,3,하순,21,30,12,20,sunny;windy;rain
NP0013,JP,일본,5,1,상순,1,10,13,22,sunny;windy;rain
NP0014,JP,일본,5,2,중순,11,20,15,23,sunny;windy;rain
NP0015,JP,일본,5,3,하순,21,31,16,25,sunny;windy;rain
NP0016,JP,일본,6,1,상순,1,10,17,25,sunny;rain
NP0017,JP,일본,6,2,중순,11,20,18,26,rain
NP0018,JP,일본,6,3,하순,21,30,20,27,rain
NP0019,JP,일본,7,1,상순,1,10,22,29,windy;rain
NP0020,JP,일본,7,2,중순,11,20,23,30,sunny;rain
NP0021,JP,일본,7,3,하순,21,31,24,31,sunny;rain
NP0022,JP,일본,8,1,상순,1,10,25,32,sunny;rain
NP0023,JP,일본,8,2,중순,11,20,24,31,sunny;windy;rain
NP0024,JP,일본,8,3,하순,21,31,24,31,sunny;rain
NP0025,JP,일본,9,1,상순,1,10,22,29,sunny;rain
NP0026,JP,일본,9,2,중순,11,20,21,28,sunny;rain
NP0027,JP,일본,9,3,하순,21,30,19,25,sunny;rain
NP0028,JP,일본,10,1,상순,1,10,17,24,sunny;windy;rain
NP0029,JP,일본,10,2,중순,11,20,14,21,sunny;rain
NP0030,JP,일본,10,3,하순,21,31,12,19,sunny;rain
NP0031,JP,일본,11,1,상순,1,10,10,19,sunny;rain
NP0032,JP,일본,11,2,중순,11,20,9,17,sunny;rain
NP0033,JP,일본,11,3,하순,21,30,6,15,sunny;rain
NP0034,JP,일본,12,1,상순,1,10,4,13,sunny
NP0035,JP,일본,12,2,중순,11,20,2,11,sunny
NP0036,JP,일본,12,3,하순,21,31,1,10,sunny
NP0037,VN,베트남,1,1,상순,1,10,15,22,rain
NP0038,VN,베트남,1,2,중순,11,20,14,21,rain
NP0039,VN,베트남,1,3,하순,21,31,14,20,rain
NP0040,VN,베트남,2,1,상순,1,10,15,21,cloudy;rain
NP0041,VN,베트남,2,2,중순,11,20,16,23,cloudy
NP0042,VN,베트남,2,3,하순,21,29,16,23,cloudy
NP0043,VN,베트남,3,1,상순,1,10,18,25,cloudy;rain
NP0044,VN,베트남,3,2,중순,11,20,20,26,cloudy;rain
NP0045,VN,베트남,3,3,하순,21,31,20,27,rain
NP0046,VN,베트남,4,1,상순,1,10,20,28,rain
NP0047,VN,베트남,4,2,중순,11,20,22,29,rain
NP0048,VN,베트남,4,3,하순,21,30,23,30,rain
NP0049,VN,베트남,5,1,상순,1,10,24,32,sunny;rain
NP0050,VN,베트남,5,2,중순,11,20,25,32,sunny;rain
NP0051,VN,베트남,5,3,하순,21,31,26,32,sunny;rain
NP0052,VN,베트남,6,1,상순,1,10,26,33,sunny;rain
NP0053,VN,베트남,6,2,중순,11,20,27,34,sunny;rain
NP0054,VN,베트남,6,3,하순,21,30,27,34,sunny;rain
NP0055,VN,베트남,7,1,상순,1,10,27,33,sunny;rain
NP0056,VN,베트남,7,2,중순,11,20,26,33,sunny;rain
NP0057,VN,베트남,7,3,하순,21,31,26,32,sunny;rain
NP0058,VN,베트남,8,1,상순,1,10,26,32,sunny;rain
NP0059,VN,베트남,8,2,중순,11,20,26,32,sunny;rain
NP0060,VN,베트남,8,3,하순,21,31,26,32,sunny;rain
NP0061,VN,베트남,9,1,상순,1,10,25,31,sunny;rain
NP0062,VN,베트남,9,2,중순,11,20,25,31,sunny;rain
NP0063,VN,베트남,9,3,하순,21,30,24,30,sunny;rain
NP0064,VN,베트남,10,1,상순,1,10,23,30,sunny;rain
NP0065,VN,베트남,10,2,중순,11,20,21,28,sunny;rain
NP0066,VN,베트남,10,3,하순,21,31,21,28,sunny;rain
NP0067,VN,베트남,11,1,상순,1,10,20,27,sunny
NP0068,VN,베트남,11,2,중순,11,20,20,27,sunny;rain
NP0069,VN,베트남,11,3,하순,21,30,18,24,sunny
NP0070,VN,베트남,12,1,상순,1,10,15,22,cloudy
NP0071,VN,베트남,12,2,중순,11,20,14,21,cloudy
NP0072,VN,베트남,12,3,하순,21,31,14,21,cloudy
NP0073,CN,중국,1,1,상순,1,10,-7,3,sunny
NP0074,CN,중국,1,2,중순,11,20,-7,2,sunny
NP0075,CN,중국,1,3,하순,21,31,-7,2,sunny
NP0076,CN,중국,2,1,상순,1,10,-6,4,sunny
NP0077,CN,중국,2,2,중순,11,20,-5,6,sunny
NP0078,CN,중국,2,3,하순,21,29,-4,8,sunny
NP0079,CN,중국,3,1,상순,1,10,-2,12,sunny
NP0080,CN,중국,3,2,중순,11,20,1,15,sunny
NP0081,CN,중국,3,3,하순,21,31,3,18,sunny
NP0082,CN,중국,4,1,상순,1,10,6,20,sunny
NP0083,CN,중국,4,2,중순,11,20,9,23,sunny
NP0084,CN,중국,4,3,하순,21,30,10,24,sunny
NP0085,CN,중국,5,1,상순,1,10,12,26,sunny
NP0086,CN,중국,5,2,중순,11,20,14,28,sunny
NP0087,CN,중국,5,3,하순,21,31,16,30,sunny
NP0088,CN,중국,6,1,상순,1,10,18,32,sunny
NP0089,CN,중국,6,2,중순,11,20,20,33,sunny
NP0090,CN,중국,6,3,하순,21,30,22,33,sunny;rain
NP0091,CN,중국,7,1,상순,1,10,22,32,sunny;rain
NP0092,CN,중국,7,2,중순,11,20,23,32,sunny;rain
NP0093,CN,중국,7,3,하순,21,31,23,31,sunny;rain
NP0094,CN,중국,8,1,상순,1,10,23,31,sunny;rain
NP0095,CN,중국,8,2,중순,11,20,22,30,sunny;rain
NP0096,CN,중국,8,3,하순,21,31,19,29,sunny
NP0097,CN,중국,9,1,상순,1,10,18,28,sunny
NP0098,CN,중국,9,2,중순,11,20,16,27,sunny
NP0099,CN,중국,9,3,하순,21,30,14,25,sunny
NP0100,CN,중국,10,1,상순,1,10,10,21,sunny
NP0101,CN,중국,10,2,중순,11,20,8,19,sunny
NP0102,CN,중국,10,3,하순,21,31,6,17,sunny
NP0103,CN,중국,11,1,상순,1,10,3,13,sunny
NP0104,CN,중국,11,2,중순,11,20,1,10,sunny
NP0105,CN,중국,11,3,하순,21,30,-4,5,sunny
NP0106,CN,중국,12,1,상순,1,10,-5,5,sunny
NP0107,CN,중국,12,2,중순,11,20,-6,2,sunny
NP0108,CN,중국,12,3,하순,21,31,-7,2,sunny
NP0109,US,미국,1,1,상순,1,10,-3,5,sunny
NP0110,US,미국,1,2,중순,11,20,-3,5,sunny
NP0111,US,미국,1,3,하순,21,31,-4,4,sunny
NP0112,US,미국,2,1,상순,1,10,-4,5,sunny;snow
NP0113,US,미국,2,2,중순,11,20,-4,5,sunny;snow
NP0114,US,미국,2,3,하순,21,29,-2,8,sunny;rain
NP0115,US,미국,3,1,상순,1,10,-1,8,sunny;snow
NP0116,US,미국,3,2,중순,11,20,0,10,sunny
NP0117,US,미국,3,3,하순,21,31,2,11,sunny;rain
NP0118,US,미국,4,1,상순,1,10,4,13,sunny;rain
NP0119,US,미국,4,2,중순,11,20,7,17,sunny;rain
NP0120,US,미국,4,3,하순,21,30,7,16,sunny;rain
NP0121,US,미국,5,1,상순,1,10,9,19,sunny;rain
NP0122,US,미국,5,2,중순,11,20,11,21,sunny;rain
NP0123,US,미국,5,3,하순,21,31,14,24,sunny;rain
NP0124,US,미국,6,1,상순,1,10,15,25,sunny;rain
NP0125,US,미국,6,2,중순,11,20,17,26,sunny;rain
NP0126,US,미국,6,3,하순,21,30,19,28,sunny;rain
NP0127,US,미국,7,1,상순,1,10,20,29,sunny;rain
NP0128,US,미국,7,2,중순,11,20,21,30,sunny;rain
NP0129,US,미국,7,3,하순,21,31,21,30,sunny;rain
NP0130,US,미국,8,1,상순,1,10,20,29,sunny;rain
NP0131,US,미국,8,2,중순,11,20,21,28,sunny;rain
NP0132,US,미국,8,3,하순,21,31,19,28,sunny;rain
NP0133,US,미국,9,1,상순,1,10,18,26,sunny;rain
NP0134,US,미국,9,2,중순,11,20,17,25,sunny
NP0135,US,미국,9,3,하순,21,30,15,23,sunny;rain
NP0136,US,미국,10,1,상순,1,10,13,21,sunny
NP0137,US,미국,10,2,중순,11,20,10,19,sunny
NP0138,US,미국,10,3,하순,21,31,9,17,sunny;rain
NP0139,US,미국,11,1,상순,1,10,7,16,sunny
NP0140,US,미국,11,2,중순,11,20,3,11,sunny;rain
NP0141,US,미국,11,3,하순,21,30,2,10,sunny;rain
NP0142,US,미국,12,1,상순,1,10,1,8,sunny
NP0143,US,미국,12,2,중순,11,20,0,7,sunny;rain
NP0144,US,미국,12,3,하순,21,31,-1,7,sunny;rain
NP0145,TH,태국,1,1,상순,1,10,22,31,sunny
NP0146,TH,태국,1,2,중순,11,20,22,31,sunny
NP0147,TH,태국,1,3,하순,21,31,22,31,sunny
NP0148,TH,태국,2,1,상순,1,10,23,32,sunny
NP0149,TH,태국,2,2,중순,11,20,24,32,sunny
NP0150,TH,태국,2,3,하순,21,29,24,33,sunny
NP0151,TH,태국,3,1,상순,1,10,25,33,sunny
NP0152,TH,태국,3,2,중순,11,20,26,33,sunny
NP0153,TH,태국,3,3,하순,21,31,26,33,sunny;rain
NP0154,TH,태국,4,1,상순,1,10,26,34,sunny;rain
NP0155,TH,태국,4,2,중순,11,20,27,35,sunny;rain
NP0156,TH,태국,4,3,하순,21,30,27,34,sunny;rain
NP0157,TH,태국,5,1,상순,1,10,27,34,sunny;rain
NP0158,TH,태국,5,2,중순,11,20,27,34,sunny;rain
NP0159,TH,태국,5,3,하순,21,31,27,33,sunny;rain
NP0160,TH,태국,6,1,상순,1,10,26,33,sunny;rain
NP0161,TH,태국,6,2,중순,11,20,26,33,sunny;rain
NP0162,TH,태국,6,3,하순,21,30,26,32,sunny;rain
NP0163,TH,태국,7,1,상순,1,10,26,32,sunny;rain
NP0164,TH,태국,7,2,중순,11,20,26,32,sunny;rain
NP0165,TH,태국,7,3,하순,21,31,26,31,sunny;rain
NP0166,TH,태국,8,1,상순,1,10,26,31,sunny;rain
NP0167,TH,태국,8,2,중순,11,20,26,32,sunny;rain
NP0168,TH,태국,8,3,하순,21,31,25,32,sunny;rain
NP0169,TH,태국,9,1,상순,1,10,25,31,sunny;rain
NP0170,TH,태국,9,2,중순,11,20,25,31,sunny;rain
NP0171,TH,태국,9,3,하순,21,30,25,31,sunny;rain
NP0172,TH,태국,10,1,상순,1,10,25,31,sunny;rain
NP0173,TH,태국,10,2,중순,11,20,24,31,sunny;rain
NP0174,TH,태국,10,3,하순,21,31,24,31,sunny;rain
NP0175,TH,태국,11,1,상순,1,10,24,31,sunny;rain
NP0176,TH,태국,11,2,중순,11,20,24,32,sunny;rain
NP0177,TH,태국,11,3,하순,21,30,24,31,sunny
NP0178,TH,태국,12,1,상순,1,10,23,31,sunny
NP0179,TH,태국,12,2,중순,11,20,23,31,sunny
NP0180,TH,태국,12,3,하순,21,31,22,31,sunny
NP0181,PH,필리핀,1,1,상순,1,10,23,29,sunny;rain
NP0182,PH,필리핀,1,2,중순,11,20,23,29,sunny;rain
NP0183,PH,필리핀,1,3,하순,21,31,23,29,sunny
NP0184,PH,필리핀,2,1,상순,1,10,23,29,sunny
NP0185,PH,필리핀,2,2,중순,11,20,23,30,sunny
NP0186,PH,필리핀,2,3,하순,21,29,23,31,sunny
NP0187,PH,필리핀,3,1,상순,1,10,23,31,sunny
NP0188,PH,필리핀,3,2,중순,11,20,24,31,sunny
NP0189,PH,필리핀,3,3,하순,21,31,24,32,sunny
NP0190,PH,필리핀,4,1,상순,1,10,25,33,sunny
NP0191,PH,필리핀,4,2,중순,11,20,25,33,sunny;rain
NP0192,PH,필리핀,4,3,하순,21,30,26,34,sunny;rain
NP0193,PH,필리핀,5,1,상순,1,10,27,34,sunny;rain
NP0194,PH,필리핀,5,2,중순,11,20,27,33,sunny;rain
NP0195,PH,필리핀,5,3,하순,21,31,26,32,sunny;rain
NP0196,PH,필리핀,6,1,상순,1,10,26,32,sunny;rain
NP0197,PH,필리핀,6,2,중순,11,20,26,31,sunny;rain
NP0198,PH,필리핀,6,3,하순,21,30,26,31,sunny;rain
NP0199,PH,필리핀,7,1,상순,1,10,25,31,sunny;rain
NP0200,PH,필리핀,7,2,중순,11,20,25,30,sunny;rain
NP0201,PH,필리핀,7,3,하순,21,31,25,29,sunny;rain
NP0202,PH,필리핀,8,1,상순,1,10,26,29,sunny;rain
NP0203,PH,필리핀,8,2,중순,11,20,26,30,sunny;rain
NP0204,PH,필리핀,8,3,하순,21,31,25,29,sunny;rain
NP0205,PH,필리핀,9,1,상순,1,10,25,30,sunny;rain
NP0206,PH,필리핀,9,2,중순,11,20,25,29,sunny;rain
NP0207,PH,필리핀,9,3,하순,21,30,25,30,sunny;rain
NP0208,PH,필리핀,10,1,상순,1,10,25,30,sunny;rain
NP0209,PH,필리핀,10,2,중순,11,20,25,30,sunny;rain
NP0210,PH,필리핀,10,3,하순,21,31,25,30,sunny;rain
NP0211,PH,필리핀,11,1,상순,1,10,25,30,sunny;rain
NP0212,PH,필리핀,11,2,중순,11,20,25,31,sunny;rain
NP0213,PH,필리핀,11,3,하순,21,30,25,31,sunny;rain
NP0214,PH,필리핀,12,1,상순,1,10,24,30,sunny;rain
NP0215,PH,필리핀,12,2,중순,11,20,24,30,sunny;rain
NP0216,PH,필리핀,12,3,하순,21,31,24,29,sunny;rain
NP0217,SG,싱가포르,1,1,상순,1,10,24,29,sunny;rain
NP0218,SG,싱가포르,1,2,중순,11,20,24,29,sunny;rain
NP0219,SG,싱가포르,1,3,하순,21,31,24,29,sunny;rain
NP0220,SG,싱가포르,2,1,상순,1,10,24,29,sunny;rain
NP0221,SG,싱가포르,2,2,중순,11,20,24,30,sunny;rain
NP0222,SG,싱가포르,2,3,하순,21,29,24,30,sunny;rain
NP0223,SG,싱가포르,3,1,상순,1,10,24,30,sunny;rain
NP0224,SG,싱가포르,3,2,중순,11,20,24,31,sunny;rain
NP0225,SG,싱가포르,3,3,하순,21,31,25,30,sunny;rain
NP0226,SG,싱가포르,4,1,상순,1,10,24,30,sunny;rain
NP0227,SG,싱가포르,4,2,중순,11,20,25,30,sunny;rain
NP0228,SG,싱가포르,4,3,하순,21,30,25,30,sunny;rain
NP0229,SG,싱가포르,5,1,상순,1,10,25,30,sunny;rain
NP0230,SG,싱가포르,5,2,중순,11,20,25,30,sunny;rain
NP0231,SG,싱가포르,5,3,하순,21,31,25,30,sunny;rain
NP0232,SG,싱가포르,6,1,상순,1,10,25,30,sunny;rain
NP0233,SG,싱가포르,6,2,중순,11,20,25,29,sunny;rain
NP0234,SG,싱가포르,6,3,하순,21,30,25,29,sunny;rain
NP0235,SG,싱가포르,7,1,상순,1,10,25,29,sunny;rain
NP0236,SG,싱가포르,7,2,중순,11,20,25,29,sunny;rain
NP0237,SG,싱가포르,7,3,하순,21,31,25,29,sunny;rain
NP0238,SG,싱가포르,8,1,상순,1,10,25,29,sunny;rain
NP0239,SG,싱가포르,8,2,중순,11,20,25,29,sunny;rain
NP0240,SG,싱가포르,8,3,하순,21,31,25,29,sunny;rain
NP0241,SG,싱가포르,9,1,상순,1,10,25,29,sunny;rain
NP0242,SG,싱가포르,9,2,중순,11,20,25,30,sunny;rain
NP0243,SG,싱가포르,9,3,하순,21,30,25,30,sunny;rain
NP0244,SG,싱가포르,10,1,상순,1,10,24,29,sunny;rain
NP0245,SG,싱가포르,10,2,중순,11,20,25,30,sunny;rain
NP0246,SG,싱가포르,10,3,하순,21,31,24,30,sunny;rain
NP0247,SG,싱가포르,11,1,상순,1,10,24,29,sunny;rain
NP0248,SG,싱가포르,11,2,중순,11,20,24,29,sunny;rain
NP0249,SG,싱가포르,11,3,하순,21,30,24,29,sunny;rain
NP0250,SG,싱가포르,12,1,상순,1,10,24,29,sunny;rain
NP0251,SG,싱가포르,12,2,중순,11,20,24,29,sunny;rain
NP0252,SG,싱가포르,12,3,하순,21,31,24,29,sunny;rain
